{"avg_acc":50.527707829849085,"_timestamp":1.7308191267554772e+09,"train_epoch_acc1":20.22235576923077,"train_step_cma_loss":7.990395545959473,"_wandb":{"runtime":652},"val_epoch_loss":17.66061782836914,"_runtime":646.357522884,"avg_f1":66.66666666666666,"train_epoch_loss":1.0183007149469285,"train_step_acc1":19.775390625,"val_cma_loss":17.278295516967773,"I313_I314_f1":66.66666666666666,"I313_I314_acc":50.527707829849085,"val_epoch_acc1":0.244140625,"val_uma_loss":0.3823225498199463,"train_step_acc5":43.408203125,"train_epoch_acc5":43.59224759615385,"train_step_total_loss":8.217391967773438,"val_epoch_acc5":1.318359375,"train_step_uma_loss":0.22699642181396484,"avg_auc":38.304249226718355,"I313_I314_AUROC":38.304249226718355,"_step":815}