{"train_step_total_loss":7.758048057556152,"I_num_2_AUROC":53.237984241567446,"val_epoch_loss":18.009401321411133,"train_epoch_loss":0.9571945553734189,"train_step_uma_loss":0.21871016919612885,"I313_I314_spec":7.074900667023053,"val_epoch_acc1":0.390625,"_timestamp":1.7308859697660933e+09,"train_step_acc1":24.4140625,"train_epoch_acc1":23.531400240384617,"avg_auc":41.67330096754869,"train_epoch_acc5":48.61778846153846,"I313_I314_sens":100,"avg_sens":77.27501925372297,"_step":866,"val_uma_loss":0.44676071405410767,"train_step_cma_loss":7.539338111877441,"I313_I314_AUROC":30.108617693529933,"_wandb":{"runtime":1006},"avg_spec":34.038086349470916,"val_cma_loss":17.562641143798828,"train_step_acc5":48.779296875,"I_num_2_sens":54.55003850744596,"_runtime":1002.272580308,"val_epoch_acc5":1.806640625,"I_num_2_spec":61.00127203191878}