{"val_epoch_acc1":0.09765625,"val_cma_loss":13.865806579589844,"_timestamp":1.7317316146746569e+09,"train_step_acc1":0.048828125,"train_step_total_loss":22.090721130371094,"train_step_uma_loss":8.220437049865723,"train_step_acc5":0.5859375,"val_epoch_acc5":0.48828125,"val_uma_loss":12.721183776855469,"train_epoch_acc5":0.4807692307692308,"_wandb":{"runtime":14},"train_step_cma_loss":13.870285034179688,"train_epoch_acc1":0.08638822115384616,"_step":13,"val_epoch_loss":26.586990356445312,"_runtime":11.555405143,"train_epoch_loss":3.094684618995303}