{"train_step_total_loss":19.704853057861328,"train_step_cma_loss":13.874710083007812,"train_epoch_acc5":0.5446213942307693,"train_step_acc1":0.09765625,"val_epoch_acc1":0.09765625,"val_epoch_acc5":0.634765625,"_wandb":{"runtime":17},"_step":14,"train_epoch_acc1":0.1201923076923077,"val_cma_loss":13.885674476623535,"I313_I314_sens":94.44444444444444,"train_step_uma_loss":5.830142021179199,"I313_I314_AUROC":68.94007070991884,"I313_I314_spec":55.204452038649805,"_runtime":17.715340088,"train_step_acc5":0.390625,"val_epoch_loss":24.098217010498047,"val_uma_loss":10.212543487548828,"train_epoch_loss":2.8478646232968283,"_timestamp":1.7308665984729939e+09}