{"I313_I314_sens":94.44444444444444,"train_epoch_acc1":0.11643629807692307,"val_cma_loss":13.885738372802734,"I313_I314_AUROC":68.83622855000192,"train_step_total_loss":19.706401824951172,"train_step_acc5":0.390625,"train_step_uma_loss":5.831608772277832,"train_epoch_acc5":0.5408653846153846,"_runtime":21.977818221,"val_epoch_acc5":0.5859375,"train_step_cma_loss":13.874794006347656,"train_step_acc1":0.048828125,"_wandb":{"runtime":21},"_timestamp":1.7308847441671712e+09,"train_epoch_loss":2.8479168483189174,"val_epoch_loss":24.084524154663086,"_step":14,"val_uma_loss":10.198785781860352,"I313_I314_spec":54.97080717883672,"val_epoch_acc1":0.09765625}