{"train_step_uma_loss":5.832644462585449,"_timestamp":1.7308184153237786e+09,"val_uma_loss":10.206388473510742,"val_epoch_acc1":0.09765625,"train_epoch_acc1":0.11643629807692307,"_wandb":{"runtime":12},"train_step_acc1":0.048828125,"val_cma_loss":13.885567665100098,"train_step_cma_loss":13.87460708618164,"_step":13,"train_step_acc5":0.390625,"val_epoch_loss":24.091957092285156,"train_step_total_loss":19.707252502441406,"train_epoch_acc5":0.5558894230769231,"_runtime":11.692144258,"val_epoch_acc5":0.5859375,"train_epoch_loss":2.847890163603283}