{"_timestamp":1.7308682765930984e+09,"I313_I314_AUROC":29.18979445142688,"train_step_acc5":42.28515625,"val_epoch_loss":17.338809967041016,"avg_sens":71.66846174766297,"train_step_acc1":18.896484375,"avg_spec":39.6324464636234,"val_uma_loss":0.39732927083969116,"train_epoch_acc5":39.44561298076923,"I313_I314_spec":7.106343879336339,"avg_auc":40.28858441891978,"train_step_total_loss":8.459590911865234,"_wandb":{"runtime":1042},"val_epoch_acc5":2.1484375,"I313_I314_sens":100,"I_num_2_AUROC":51.38737438641268,"_runtime":1038.00473949,"_step":866,"train_epoch_acc1":17.578125,"train_step_uma_loss":0.19425182044506073,"train_step_cma_loss":8.265338897705078,"I_num_2_spec":72.15854904791047,"val_epoch_acc1":0.390625,"val_cma_loss":16.94148063659668,"train_epoch_loss":1.0696299144199917,"I_num_2_sens":43.33692349532595}