{"_step":293,"train_epoch_acc5":4.139122596153846,"train_epoch_acc1":1.1305588942307692,"val_cma_loss":13.556032180786133,"_wandb":{"runtime":161},"val_uma_loss":0.39690524339675903,"_timestamp":1.730196380935593e+09,"train_step_total_loss":13.153565406799316,"val_epoch_acc1":0.390625,"train_step_acc1":1.46484375,"train_epoch_loss":1.635525285629999,"train_step_cma_loss":12.814871788024902,"val_epoch_acc5":1.953125,"val_epoch_loss":13.952937126159668,"train_step_acc5":4.931640625,"_runtime":161.22519252,"train_step_uma_loss":0.3386934995651245}