{"train_step_uma_loss":0.32308584451675415,"val_epoch_acc1":0.29296875,"val_epoch_loss":16.287200927734375,"I_num_2_AUROC":52.77594733329679,"_timestamp":1.7317382657407753e+09,"train_step_acc5":15.72265625,"I313_I314_spec":0.3665558074768134,"I313_I314_AUROC":16.617606755956892,"_runtime":831.236737527,"avg_spec":27.108279375950772,"train_epoch_acc1":6.34765625,"val_uma_loss":1.5756235122680664,"train_step_acc1":6.4453125,"val_epoch_acc5":1.025390625,"_wandb":{"runtime":834},"train_step_total_loss":11.761442184448242,"I_num_2_spec":53.85000294442473,"train_epoch_acc5":15.51983173076923,"val_cma_loss":14.711576461791992,"train_epoch_loss":1.465885543823242,"I_num_2_sens":57.493706197043096,"avg_auc":34.69677704462684,"avg_sens":78.74685309852154,"_step":866,"I313_I314_sens":100,"train_step_cma_loss":11.438356399536133}