{"_runtime":11.747722395,"train_step_uma_loss":5.831872940063477,"train_step_cma_loss":13.874717712402344,"train_step_acc5":0.390625,"_step":12,"train_step_total_loss":19.70659065246582,"train_step_acc1":0.048828125,"_timestamp":1.7301955226265113e+09,"_wandb":{"runtime":12}}