{"train_epoch_acc1":0.11643629807692307,"_wandb":{"runtime":15},"_timestamp":1.7308663915643592e+09,"val_cma_loss":13.885648727416992,"_runtime":15.949388343,"I313_I314_sens":94.44444444444444,"I313_I314_AUROC":68.67293682765612,"train_epoch_loss":2.847996393839518,"val_uma_loss":10.204001426696777,"I313_I314_spec":54.8370956967718,"val_epoch_loss":24.089649200439453,"val_epoch_acc1":0.09765625,"train_step_uma_loss":5.833122253417969,"train_step_acc1":0.048828125,"train_step_acc5":0.390625,"_step":14,"val_epoch_acc5":0.5859375,"train_step_cma_loss":13.874649047851562,"train_epoch_acc5":0.5558894230769231,"train_step_total_loss":19.70777130126953}